date,diesel,e10,e5,weekday,is_holiday
2026-09-24 09:37:11,2.339,2.209,2.269,3,0
2026-09-24 10:11:47,2.339,2.199,2.259,3,0
2026-09-24 12:07:18,2.559,2.419,2.479,3,0
2026-09-24 12:57:08,2.559,2.409,2.469,3,0
2026-09-24 13:21:39,2.559,2.399,2.459,3,0
2026-09-24 13:41:56,2.529,2.369,2.429,3,0
2026-09-24 14:02:20,2.479,2.319,2.379,3,0
2026-09-24 14:20:38,2.459,2.309,2.369,3,0
2026-09-24 14:40:58,2.459,2.299,2.359,3,0
2026-09-24 14:45:05,2.399,2.259,2.319,3,0
2026-09-24 15:07:27,2.389,2.249,2.309,3,0
2026-09-24 15:40:58,2.379,2.239,2.299,3,0
2026-09-24 16:17:41,2.369,2.229,2.289,3,0
2026-09-24 16:48:13,2.369,2.219,2.279,3,0
2026-09-24 18:35:03,2.369,2.209,2.269,3,0
2026-09-24 21:28:55,2.359,2.209,2.269,3,0
2026-09-25 12:05:32,2.579,2.429,2.479,4,0
2026-09-25 12:47:18,2.569,2.399,2.459,4,0
2026-09-25 13:19:45,2.569,2.389,2.449,4,0
2026-09-25 13:34:58,2.559,2.389,2.449,4,0
2026-09-25 13:39:01,2.539,2.389,2.449,4,0
2026-09-25 14:03:28,2.529,2.379,2.439,4,0
2026-09-25 14:20:48,2.489,2.359,2.419,4,0
2026-09-25 14:41:08,2.469,2.339,2.399,4,0
2026-09-25 15:05:40,2.439,2.309,2.369,4,0
2026-09-25 15:22:53,2.439,2.289,2.349,4,0
2026-09-25 15:40:09,2.429,2.289,2.349,4,0
2026-09-25 16:03:29,2.429,2.279,2.339,4,0
2026-09-25 16:12:40,2.419,2.279,2.339,4,0
2026-09-25 16:20:48,2.419,2.269,2.329,4,0
2026-09-25 16:45:10,2.409,2.269,2.329,4,0
2026-09-25 17:02:26,2.409,2.259,2.319,4,0
2026-09-25 17:20:46,2.399,2.259,2.319,4,0
2026-09-25 17:56:17,2.389,2.259,2.319,4,0
2026-09-25 18:05:25,2.389,2.249,2.309,4,0
2026-09-25 18:30:45,2.379,2.249,2.309,4,0
2026-09-25 19:05:14,2.369,2.249,2.309,4,0
2026-09-25 21:29:11,2.369,2.239,2.299,4,0
2026-09-26 07:32:02,2.369,2.229,2.289,5,0
2026-09-26 09:31:40,2.369,2.219,2.279,5,0
2026-09-26 12:05:17,2.579,2.439,2.479,5,0
2026-09-26 12:38:46,2.569,2.419,2.479,5,0
2026-09-26 12:54:57,2.569,2.409,2.469,5,0
2026-09-26 13:01:07,2.559,2.409,2.469,5,0
2026-09-26 13:21:28,2.559,2.399,2.459,5,0
2026-09-26 13:35:40,2.539,2.399,2.459,5,0
2026-09-26 13:39:44,2.539,2.369,2.429,5,0
2026-09-26 14:00:58,2.519,2.369,2.429,5,0
2026-09-26 14:05:02,2.519,2.359,2.419,5,0
2026-09-26 14:19:16,2.509,2.349,2.409,5,0
2026-09-26 14:40:33,2.499,2.349,2.409,5,0
2026-09-26 15:02:52,2.489,2.339,2.399,5,0
2026-09-26 15:17:16,2.479,2.329,2.389,5,0
2026-09-26 15:21:21,2.469,2.319,2.379,5,0
2026-09-26 15:35:34,2.449,2.309,2.369,5,0
2026-09-26 15:39:37,2.439,2.299,2.359,5,0
2026-09-26 16:04:00,2.439,2.289,2.349,5,0
2026-09-26 16:15:12,2.429,2.289,2.349,5,0
2026-09-26 16:19:24,2.429,2.279,2.339,5,0
2026-09-26 16:39:46,2.429,2.269,2.329,5,0
2026-09-26 16:50:03,2.419,2.269,2.329,5,0
2026-09-26 17:18:39,2.409,2.269,2.329,5,0
2026-09-26 17:47:09,2.409,2.259,2.319,5,0
2026-09-26 17:51:12,2.399,2.259,2.319,5,0
2026-09-26 18:17:35,2.399,2.249,2.309,5,0
2026-09-26 18:24:42,2.389,2.249,2.309,5,0
2026-09-26 18:49:15,2.389,2.239,2.299,5,0
2026-09-26 19:01:26,2.379,2.239,2.299,5,0
2026-09-26 19:30:52,2.369,2.239,2.299,5,0
2026-09-27 08:28:57,2.369,2.229,2.289,6,0
2026-09-27 09:27:45,2.369,2.219,2.279,6,0
2026-09-27 12:04:57,2.579,2.439,2.479,6,0
2026-09-27 12:41:30,2.569,2.419,2.479,6,0
2026-09-27 12:59:46,2.559,2.409,2.469,6,0
2026-09-27 13:33:15,2.549,2.399,2.459,6,0
2026-09-27 13:41:21,2.529,2.399,2.459,6,0
2026-09-27 14:01:39,2.519,2.379,2.439,6,0
2026-09-27 14:08:44,2.519,2.369,2.429,6,0
2026-09-27 14:33:02,2.509,2.359,2.419,6,0
2026-09-27 14:35:04,2.469,2.319,2.379,6,0
2026-09-27 14:55:23,2.439,2.269,2.329,6,0
2026-09-27 15:17:46,2.429,2.259,2.319,6,0
2026-09-27 15:24:51,2.419,2.259,2.319,6,0
2026-09-27 15:39:04,2.419,2.249,2.309,6,0
2026-09-27 15:46:12,2.409,2.249,2.309,6,0
2026-09-27 16:16:40,2.399,2.239,2.299,6,0
2026-09-27 16:48:09,2.389,2.239,2.299,6,0
2026-09-27 17:21:38,2.379,2.239,2.299,6,0
2026-09-28 06:39:16,2.379,2.229,2.289,0,0
2026-09-28 09:31:14,2.379,2.219,2.279,0,0
2026-09-28 12:04:54,2.579,2.439,2.479,0,0
2026-09-28 12:41:31,2.529,2.399,2.459,0,0
2026-09-28 13:01:58,2.529,2.389,2.449,0,0
2026-09-28 13:35:31,2.519,2.379,2.439,0,0
2026-09-28 14:03:16,2.519,2.359,2.419,0,0
2026-09-28 14:11:25,2.509,2.359,2.419,0,0
2026-09-28 14:22:38,2.509,2.329,2.389,0,0
2026-09-28 14:39:57,2.469,2.309,2.369,0,0
2026-09-28 15:02:27,2.459,2.289,2.349,0,0
2026-09-28 15:19:03,2.449,2.289,2.349,0,0
2026-09-28 15:23:26,2.439,2.279,2.339,0,0
2026-09-28 15:41:45,2.439,2.269,2.329,0,0
2026-09-28 15:56:58,2.429,2.269,2.329,0,0
2026-09-28 16:01:04,2.429,2.259,2.319,0,0
2026-09-28 16:33:33,2.419,2.259,2.319,0,0
2026-09-28 17:08:22,2.409,2.259,2.319,0,0
2026-09-28 17:26:43,2.409,2.249,2.309,0,0
2026-09-28 17:47:17,2.399,2.249,2.309,0,0
2026-09-28 18:00:44,2.399,2.239,2.299,0,0
2026-09-28 18:17:11,2.389,2.239,2.299,0,0
2026-09-28 18:41:48,2.379,2.239,2.299,0,0
2026-09-28 19:26:49,2.369,2.239,2.299,0,0
2026-09-28 19:59:23,2.359,2.239,2.299,0,0
2026-09-28 20:35:04,2.349,2.239,2.299,0,0
2026-09-29 09:11:59,2.339,2.239,2.299,1,0
2026-09-29 12:07:59,2.559,2.439,2.479,1,0
2026-09-29 12:41:38,2.549,2.369,2.429,1,0
2026-09-29 12:57:49,2.549,2.359,2.419,1,0
2026-09-29 13:00:51,2.539,2.359,2.419,1,0
2026-09-29 13:12:03,2.529,2.359,2.419,1,0
2026-09-29 13:35:28,2.519,2.349,2.409,1,0
2026-09-29 14:04:53,2.509,2.339,2.399,1,0
2026-09-29 14:21:18,2.499,2.329,2.389,1,0
2026-09-29 14:41:37,2.459,2.299,2.359,1,0
2026-09-29 15:03:06,2.439,2.299,2.359,1,0
2026-09-29 15:19:21,2.419,2.289,2.349,1,0
2026-09-29 15:42:42,2.389,2.279,2.339,1,0
2026-09-29 16:04:09,2.369,2.279,2.339,1,0
2026-09-29 16:21:25,2.369,2.269,2.329,1,0
2026-09-29 17:03:06,2.359,2.269,2.329,1,0
2026-09-29 17:20:27,2.359,2.239,2.299,1,0
2026-09-29 19:00:46,2.349,2.239,2.299,1,0
2026-09-29 20:20:09,2.349,2.189,2.249,1,0
2026-09-30 06:40:34,2.339,2.189,2.249,2,0
2026-09-30 07:12:02,2.329,2.189,2.249,2,0
2026-09-30 07:45:36,2.319,2.189,2.249,2,0
2026-09-30 09:02:55,2.309,2.189,2.249,2,0
2026-09-30 10:37:36,2.309,2.149,2.209,2,0
2026-09-30 11:05:04,2.279,2.149,2.209,2,0
2026-09-30 12:04:47,2.529,2.399,2.459,2,0
2026-09-30 12:41:38,2.519,2.399,2.439,2,0
2026-09-30 12:55:01,2.509,2.389,2.429,2,0
2026-09-30 12:57:05,2.509,2.369,2.429,2,0
2026-09-30 12:59:07,2.499,2.369,2.419,2,0
2026-09-30 13:05:19,2.499,2.359,2.419,2,0
2026-09-30 13:21:42,2.489,2.349,2.409,2,0
2026-09-30 13:26:49,2.369,2.259,2.319,2,0
2026-09-30 13:47:32,2.359,2.249,2.309,2,0
2026-09-30 14:24:28,2.349,2.239,2.299,2,0
2026-09-30 15:02:23,2.339,2.229,2.289,2,0
2026-09-30 15:37:14,2.329,2.219,2.279,2,0
2026-09-30 16:10:09,2.319,2.219,2.279,2,0
2026-09-30 16:46:07,2.309,2.219,2.279,2,0
2026-10-01 00:11:44,2.169,2.049,2.109,3,0
2026-10-01 01:33:55,2.139,2.049,2.109,3,0
2026-10-01 09:05:18,2.129,2.039,2.099,3,0
2026-10-01 12:03:16,2.129,2.039,2.099,3,0
2026-10-01 12:04:18,2.299,2.189,2.229,3,0
2026-10-01 13:33:40,2.299,2.169,2.229,3,0
2026-10-01 14:35:37,2.289,2.159,2.219,3,0
2026-10-01 15:01:09,2.289,2.149,2.209,3,0
2026-10-01 15:07:14,2.279,2.149,2.209,3,0
2026-10-01 15:40:51,2.269,2.139,2.199,3,0
2026-10-01 16:01:14,2.269,2.129,2.189,3,0
2026-10-01 16:17:28,2.259,2.129,2.189,3,0
2026-10-01 17:04:14,2.259,2.119,2.179,3,0
2026-10-01 18:01:09,2.249,2.119,2.179,3,0
2026-10-01 18:37:46,2.239,2.109,2.169,3,0
2026-10-01 19:51:49,2.229,2.099,2.159,3,0
2026-10-01 20:25:21,2.219,2.089,2.149,3,0
2026-10-01 21:00:47,2.209,2.079,2.139,3,0
2026-10-01 21:35:17,2.199,2.079,2.139,3,0
